date,symbol,open,high,low,close,volume
2024-01-01,BTCUSDT,42283.58000000,44184.10000000,42180.77000000,44179.55000000,27174.29903000
2024-01-02,BTCUSDT,44179.55000000,45879.63000000,44148.34000000,44946.91000000,65146.40661000
2024-01-03,BTCUSDT,44946.91000000,45500.00000000,40750.00000000,42845.23000000,81194.55173000
2024-01-04,BTCUSDT,42845.23000000,44729.58000000,42613.77000000,44151.10000000,48038.06334000
2024-01-05,BTCUSDT,44151.10000000,44357.46000000,42450.00000000,44145.11000000,48075.25327000
2024-01-06,BTCUSDT,44145.12000000,44214.42000000,43397.05000000,43968.32000000,17835.06144000
2024-01-07,BTCUSDT,43968.32000000,44480.59000000,43572.09000000,43929.02000000,23023.85080000
2024-01-08,BTCUSDT,43929.01000000,47248.99000000,43175.00000000,46951.04000000,72814.57589000
2024-01-09,BTCUSDT,46951.04000000,47972.00000000,44748.67000000,46110.00000000,69927.66617000
2024-01-10,BTCUSDT,46110.00000000,47695.93000000,44300.36000000,46653.99000000,89911.41203000
2024-01-11,BTCUSDT,46654.00000000,48969.48000000,45606.06000000,46339.16000000,87470.32960000
2024-01-12,BTCUSDT,46339.16000000,46515.53000000,41500.00000000,42782.73000000,86327.93707000
2024-01-13,BTCUSDT,42782.74000000,43257.00000000,42436.12000000,42847.99000000,36118.47464000
2024-01-14,BTCUSDT,42847.99000000,43079.00000000,41720.00000000,41732.35000000,28228.40894000
2024-01-15,BTCUSDT,41732.35000000,43400.43000000,41718.05000000,42511.10000000,40269.89303000
2024-01-16,BTCUSDT,42511.10000000,43578.01000000,42050.00000000,43137.95000000,45045.74589000
2024-01-17,BTCUSDT,43137.94000000,43198.00000000,42200.69000000,42776.10000000,33266.21388000
2024-01-18,BTCUSDT,42776.09000000,42930.00000000,40683.28000000,41327.50000000,43907.51641000
2024-01-19,BTCUSDT,41327.51000000,42196.86000000,40280.00000000,41659.03000000,48342.74559000
2024-01-20,BTCUSDT,41659.03000000,41872.56000000,41456.30000000,41696.04000000,15923.99493000
2024-01-21,BTCUSDT,41696.05000000,41881.39000000,41500.98000000,41580.33000000,11730.16301000
2024-01-22,BTCUSDT,41580.32000000,41689.65000000,39431.58000000,39568.02000000,55426.19911000
2024-01-23,BTCUSDT,39568.02000000,40176.74000000,38555.00000000,39897.60000000,57956.63351000
2024-01-24,BTCUSDT,39897.59000000,40555.00000000,39484.19000000,40084.88000000,39293.82861000
2024-01-25,BTCUSDT,40084.89000000,40300.24000000,39550.00000000,39961.09000000,31022.11853000
2024-01-26,BTCUSDT,39961.09000000,42246.82000000,39822.52000000,41823.51000000,47384.96726000
2024-01-27,BTCUSDT,41823.51000000,42200.00000000,41394.34000000,42120.63000000,16224.41667000
2024-01-28,BTCUSDT,42120.63000000,42842.68000000,41620.81000000,42031.06000000,27294.99838000
2024-01-29,BTCUSDT,42031.05000000,43333.00000000,41804.88000000,43302.70000000,31542.74207000
2024-01-30,BTCUSDT,43302.71000000,43882.36000000,42683.99000000,42941.10000000,37619.24546000
2024-01-31,BTCUSDT,42941.10000000,43745.11000000,42276.84000000,42580.00000000,39871.13688000
2024-02-01,BTCUSDT,42580.00000000,43285.13000000,41884.28000000,43082.94000000,35231.04664000
2024-02-02,BTCUSDT,43082.95000000,43488.00000000,42546.79000000,43200.00000000,29672.14418000
2024-02-03,BTCUSDT,43199.99000000,43380.01000000,42880.00000000,43011.09000000,12033.40998000
2024-02-04,BTCUSDT,43011.10000000,43119.04000000,42222.00000000,42582.88000000,17066.89404000
2024-02-05,BTCUSDT,42582.88000000,43569.76000000,42258.10000000,42708.70000000,29467.75905000
2024-02-06,BTCUSDT,42708.70000000,43399.98000000,42574.00000000,43098.95000000,24675.85433000
2024-02-07,BTCUSDT,43098.96000000,44396.50000000,42788.00000000,44349.60000000,34392.59915000
2024-02-08,BTCUSDT,44349.60000000,45614.30000000,44331.10000000,45288.65000000,45439.62231000
2024-02-09,BTCUSDT,45288.66000000,48200.00000000,45242.12000000,47132.77000000,73503.48100000
2024-02-10,BTCUSDT,47132.78000000,48170.00000000,46800.00000000,47751.09000000,24802.35936000
2024-02-11,BTCUSDT,47751.08000000,48592.66000000,47557.16000000,48299.99000000,29958.80837000
2024-02-12,BTCUSDT,48300.00000000,50334.82000000,47710.01000000,49917.27000000,59009.96705000
2024-02-13,BTCUSDT,49917.28000000,50368.61000000,48300.95000000,49699.59000000,55551.56706000
2024-02-14,BTCUSDT,49699.60000000,52043.71000000,49225.01000000,51795.17000000,57046.37401000
2024-02-15,BTCUSDT,51795.17000000,52816.62000000,51314.00000000,51880.00000000,53816.03055000
2024-02-16,BTCUSDT,51880.01000000,52572.08000000,51566.00000000,52124.11000000,37772.25318000
2024-02-17,BTCUSDT,52124.10000000,52162.82000000,50625.00000000,51642.64000000,25674.00622000
2024-02-18,BTCUSDT,51642.64000000,52377.00000000,51163.28000000,52137.67000000,21992.10363000
2024-02-19,BTCUSDT,52137.68000000,52488.77000000,51677.00000000,51774.73000000,29534.99432000
2024-02-20,BTCUSDT,51774.74000000,52985.00000000,50760.37000000,52258.82000000,49614.47318000
2024-02-21,BTCUSDT,52258.82000000,52366.80000000,50625.00000000,51849.39000000,43079.40049000
2024-02-22,BTCUSDT,51849.38000000,52065.78000000,50940.78000000,51288.42000000,35309.44574000
2024-02-23,BTCUSDT,51288.42000000,51548.54000000,50521.00000000,50744.15000000,30545.79544000
2024-02-24,BTCUSDT,50744.15000000,51698.00000000,50585.00000000,51568.22000000,16560.42110000
2024-02-25,BTCUSDT,51568.21000000,51958.55000000,51279.80000000,51728.85000000,18721.63159000
2024-02-26,BTCUSDT,51728.85000000,54910.00000000,50901.44000000,54476.47000000,51256.72199000
2024-02-27,BTCUSDT,54476.48000000,57588.15000000,54450.13000000,57037.34000000,67194.98562000
2024-02-28,BTCUSDT,57037.35000000,64000.00000000,56691.85000000,62432.10000000,118763.46984000
2024-02-29,BTCUSDT,62432.11000000,63676.35000000,60364.70000000,61130.98000000,78425.07603000
2024-03-01,BTCUSDT,61130.99000000,63114.23000000,60777.00000000,62387.90000000,47737.93473000
2024-03-02,BTCUSDT,62387.90000000,62433.19000000,61561.12000000,61987.28000000,25534.73659000
2024-03-03,BTCUSDT,61987.28000000,63231.88000000,61320.00000000,63113.97000000,28994.90903000
2024-03-04,BTCUSDT,63113.97000000,68499.00000000,62300.00000000,68245.71000000,84835.16005000
2024-03-05,BTCUSDT,68245.71000000,69000.00000000,59005.00000000,63724.01000000,132696.78130000
2024-03-06,BTCUSDT,63724.01000000,67641.10000000,62779.14000000,66074.04000000,78738.85491000
2024-03-07,BTCUSDT,66074.04000000,67980.00000000,65551.00000000,66823.17000000,53059.88690000
2024-03-08,BTCUSDT,66823.18000000,69990.00000000,66082.66000000,68124.19000000,74261.93284200
2024-03-09,BTCUSDT,68124.20000000,68541.10000000,67861.10000000,68313.27000000,19872.89743000
2024-03-10,BTCUSDT,68313.28000000,69887.61000000,68094.75000000,68955.88000000,38404.66835000
2024-03-11,BTCUSDT,68955.88000000,72800.00000000,67024.96000000,72078.10000000,75292.82572600
2024-03-12,BTCUSDT,72078.10000000,73000.00000000,68620.82000000,71452.01000000,68783.54669100
2024-03-13,BTCUSDT,71452.00000000,73650.25000000,71333.31000000,73072.41000000,52659.71164700
2024-03-14,BTCUSDT,73072.40000000,73777.00000000,68555.00000000,71388.94000000,71757.62874600
2024-03-15,BTCUSDT,71388.94000000,72419.71000000,65600.00000000,69499.85000000,103334.03546000
2024-03-16,BTCUSDT,69499.84000000,70043.00000000,64780.00000000,65300.63000000,55926.95336000
2024-03-17,BTCUSDT,65300.64000000,68904.40000000,64533.00000000,68393.48000000,49742.21589000
2024-03-18,BTCUSDT,68393.47000000,68956.00000000,66565.20000000,67609.99000000,55691.08088000
2024-03-19,BTCUSDT,67610.00000000,68124.11000000,61555.00000000,61937.40000000,101005.32487000
2024-03-20,BTCUSDT,61937.41000000,68100.00000000,60775.00000000,67840.51000000,90420.58592000
2024-03-21,BTCUSDT,67840.51000000,68240.47000000,64529.01000000,65501.27000000,53357.48002000
2024-03-22,BTCUSDT,65501.28000000,66649.62000000,62260.00000000,63796.64000000,51482.37821000
2024-03-23,BTCUSDT,63796.64000000,65999.00000000,63000.00000000,63990.01000000,26410.11409000
2024-03-24,BTCUSDT,63990.02000000,67628.69000000,63772.29000000,67209.99000000,31395.78015000
2024-03-25,BTCUSDT,67210.00000000,71150.00000000,66385.06000000,69880.01000000,53431.14486000
2024-03-26,BTCUSDT,69880.00000000,71561.10000000,69280.00000000,69988.00000000,38934.38417000
2024-03-27,BTCUSDT,69987.99000000,71769.54000000,68359.18000000,69469.99000000,49119.35685000
2024-03-28,BTCUSDT,69469.99000000,71552.06000000,68903.62000000,70780.60000000,35439.03239000
2024-03-29,BTCUSDT,70780.60000000,70916.16000000,69009.00000000,69850.54000000,25445.08353000
2024-03-30,BTCUSDT,69850.53000000,70321.10000000,69540.00000000,69582.18000000,13644.61142000
2024-03-31,BTCUSDT,69582.17000000,71366.00000000,69562.99000000,71280.01000000,19396.34433000
2024-04-01,BTCUSDT,71280.00000000,71288.23000000,68062.86000000,69649.80000000,41445.32039000
2024-04-02,BTCUSDT,69649.81000000,69674.23000000,64550.00000000,65463.99000000,71799.82793000
2024-04-03,BTCUSDT,65463.99000000,66903.63000000,64493.07000000,65963.28000000,39887.21778000
2024-04-04,BTCUSDT,65963.27000000,69309.91000000,65064.52000000,68487.79000000,41510.48453000
2024-04-05,BTCUSDT,68487.80000000,68756.67000000,65952.56000000,67820.62000000,37915.23073000
2024-04-06,BTCUSDT,67820.63000000,69692.00000000,67447.83000000,68896.00000000,20134.28919000
2024-04-07,BTCUSDT,68896.00000000,70326.29000000,68824.00000000,69360.39000000,21534.74433000
2024-04-08,BTCUSDT,69360.38000000,72797.99000000,69043.24000000,71620.00000000,45723.87624000
2024-04-09,BTCUSDT,71620.00000000,71758.19000000,68210.00000000,69146.00000000,39293.90242000
2024-04-10,BTCUSDT,69146.00000000,71172.08000000,67518.00000000,70631.08000000,42006.02377000
2024-04-11,BTCUSDT,70631.08000000,71305.89000000,69567.21000000,70006.23000000,31917.25595000
2024-04-12,BTCUSDT,70006.22000000,71227.46000000,65086.86000000,67116.52000000,56072.86229000
2024-04-13,BTCUSDT,67116.52000000,67929.00000000,60660.57000000,63924.51000000,71395.22019000
2024-04-14,BTCUSDT,63924.52000000,65840.00000000,62134.00000000,65661.84000000,61599.17818000
2024-04-15,BTCUSDT,65661.85000000,66867.07000000,62274.40000000,63419.99000000,52389.53069000
2024-04-16,BTCUSDT,63419.99000000,64365.00000000,61600.00000000,63793.39000000,53435.29331000
2024-04-17,BTCUSDT,63793.40000000,64499.00000000,59678.16000000,61277.37000000,50610.54509000
2024-04-18,BTCUSDT,61277.38000000,64117.09000000,60803.35000000,63470.08000000,43601.60918000
2024-04-19,BTCUSDT,63470.09000000,65450.00000000,59600.01000000,63818.01000000,69774.30271000
2024-04-20,BTCUSDT,63818.01000000,65419.00000000,63090.07000000,64940.59000000,23137.42975000
2024-04-21,BTCUSDT,64940.58000000,65695.56000000,64237.50000000,64941.15000000,19316.42152000
2024-04-22,BTCUSDT,64941.15000000,67232.35000000,64500.00000000,66819.32000000,31397.99371000
2024-04-23,BTCUSDT,66819.32000000,67183.01000000,65765.81000000,66414.00000000,22599.90004000
2024-04-24,BTCUSDT,66414.00000000,67070.43000000,63606.06000000,64289.59000000,33595.69637000
2024-04-25,BTCUSDT,64289.58000000,65297.94000000,62794.00000000,64498.34000000,31341.46338000
2024-04-26,BTCUSDT,64498.33000000,64820.01000000,63297.48000000,63770.01000000,27085.19346000
2024-04-27,BTCUSDT,63770.00000000,63923.41000000,62391.24000000,63461.98000000,20933.06052000
2024-04-28,BTCUSDT,63461.98000000,64370.00000000,62781.00000000,63118.62000000,16949.20005000
2024-04-29,BTCUSDT,63118.62000000,64228.35000000,61765.53000000,63866.00000000,28150.22947000
2024-04-30,BTCUSDT,63866.00000000,64734.00000000,59191.60000000,60672.00000000,54947.65535000
2024-05-01,BTCUSDT,60672.01000000,60841.63000000,56552.82000000,58364.97000000,81166.46823000
2024-05-02,BTCUSDT,58364.97000000,59625.00000000,56911.84000000,59060.61000000,47583.81961000
2024-05-03,BTCUSDT,59060.60000000,63333.00000000,58811.32000000,62882.01000000,43628.40143000
2024-05-04,BTCUSDT,62882.01000000,64540.00000000,62541.03000000,63892.04000000,24368.69282000
2024-05-05,BTCUSDT,63892.03000000,64646.00000000,62822.17000000,64012.00000000,18526.75029000
2024-05-06,BTCUSDT,64012.00000000,65500.00000000,62700.00000000,63165.19000000,34674.91949000
2024-05-07,BTCUSDT,63165.18000000,64422.41000000,62261.00000000,62312.08000000,25598.79472000
2024-05-08,BTCUSDT,62312.07000000,63020.22000000,60888.00000000,61193.03000000,26121.19004000
2024-05-09,BTCUSDT,61193.03000000,63429.03000000,60630.00000000,63074.01000000,30660.80610000
2024-05-10,BTCUSDT,63074.00000000,63469.13000000,60187.12000000,60799.99000000,36529.34025000
2024-05-11,BTCUSDT,60799.99000000,61515.00000000,60487.09000000,60825.99000000,13374.56936000
2024-05-12,BTCUSDT,60825.99000000,61888.00000000,60610.00000000,61483.99000000,12753.13236000
2024-05-13,BTCUSDT,61484.00000000,63450.00000000,60749.21000000,62940.08000000,32733.41839000
2024-05-14,BTCUSDT,62940.09000000,63118.36000000,61142.77000000,61577.49000000,29088.72041000
2024-05-15,BTCUSDT,61577.49000000,66444.16000000,61319.47000000,66206.50000000,43559.74719000
2024-05-16,BTCUSDT,66206.51000000,66752.01000000,64602.77000000,65235.21000000,31106.36710000
2024-05-17,BTCUSDT,65235.21000000,67451.20000000,65106.38000000,67024.00000000,26292.23409000
2024-05-18,BTCUSDT,67024.00000000,67400.01000000,66600.00000000,66915.20000000,14441.25774000
2024-05-19,BTCUSDT,66915.20000000,67700.00000000,65857.25000000,66274.01000000,18025.30409000
2024-05-20,BTCUSDT,66274.00000000,71515.56000000,66060.31000000,71446.62000000,50816.70110000
2024-05-21,BTCUSDT,71446.62000000,71979.00000000,69162.94000000,70148.34000000,49607.43360000
2024-05-22,BTCUSDT,70148.34000000,70666.00000000,68842.19000000,69166.62000000,27673.18026000
2024-05-23,BTCUSDT,69166.62000000,70096.12000000,66312.16000000,67969.65000000,40513.17374000
2024-05-24,BTCUSDT,67969.66000000,69250.00000000,66600.12000000,68549.99000000,28095.83664000
2024-05-25,BTCUSDT,68549.99000000,69610.00000000,68500.00000000,69290.57000000,12130.39418000
2024-05-26,BTCUSDT,69290.56000000,69562.23000000,68128.01000000,68507.67000000,11872.11797000
2024-05-27,BTCUSDT,68507.67000000,70687.56000000,68250.00000000,69436.43000000,23136.92737000
2024-05-28,BTCUSDT,69436.43000000,69591.81000000,67277.91000000,68398.39000000,32622.97042000
2024-05-29,BTCUSDT,68398.40000000,68935.68000000,67124.65000000,67652.42000000,23159.83149000
2024-05-30,BTCUSDT,67652.41000000,69500.00000000,67128.00000000,68352.17000000,28478.21840000
2024-05-31,BTCUSDT,68352.17000000,69044.10000000,66670.00000000,67540.01000000,26690.32184000
2024-06-01,BTCUSDT,67540.01000000,67900.00000000,67428.44000000,67766.85000000,8837.66133000
2024-06-02,BTCUSDT,67766.84000000,68460.00000000,67257.47000000,67765.63000000,15426.32529000
2024-06-03,BTCUSDT,67765.62000000,70288.00000000,67612.48000000,68809.90000000,29633.37400000
2024-06-04,BTCUSDT,68809.89000000,71063.45000000,68567.32000000,70537.84000000,29619.78489000
2024-06-05,BTCUSDT,70537.83000000,71758.00000000,70383.66000000,71108.00000000,28703.18082000
2024-06-06,BTCUSDT,71108.00000000,71700.00000000,70117.64000000,70799.06000000,21842.00449000
2024-06-07,BTCUSDT,70799.06000000,71997.02000000,68420.00000000,69355.60000000,35598.45045000
2024-06-08,BTCUSDT,69355.60000000,69582.20000000,69168.02000000,69310.46000000,9773.82967000
2024-06-09,BTCUSDT,69310.46000000,69857.14000000,69130.24000000,69648.14000000,9890.56709000
2024-06-10,BTCUSDT,69648.15000000,70195.94000000,69172.29000000,69540.00000000,17122.66941000
2024-06-11,BTCUSDT,69540.00000000,69590.01000000,66051.00000000,67314.24000000,41436.01588000
2024-06-12,BTCUSDT,67314.23000000,69999.00000000,66905.00000000,68263.99000000,37175.32356000
2024-06-13,BTCUSDT,68263.98000000,68449.30000000,66251.78000000,66773.01000000,29079.55571000
2024-06-14,BTCUSDT,66773.01000000,67370.24000000,65078.00000000,66043.99000000,28408.18797000
2024-06-15,BTCUSDT,66043.99000000,66478.48000000,65857.10000000,66228.25000000,11451.80242000
2024-06-16,BTCUSDT,66228.25000000,66998.70000000,66034.50000000,66676.87000000,9392.52223000
2024-06-17,BTCUSDT,66676.86000000,67298.81000000,65130.00000000,66504.33000000,27386.16851000
2024-06-18,BTCUSDT,66504.33000000,66588.23000000,64060.00000000,65175.32000000,42350.10244000
2024-06-19,BTCUSDT,65175.32000000,65727.54000000,64666.00000000,64974.37000000,20060.79576000
2024-06-20,BTCUSDT,64974.37000000,66482.94000000,64559.15000000,64869.99000000,24265.29031000
2024-06-21,BTCUSDT,64869.99000000,65066.66000000,63379.35000000,64143.56000000,25993.56442000
2024-06-22,BTCUSDT,64143.56000000,64546.81000000,63943.82000000,64262.01000000,7308.95542000
2024-06-23,BTCUSDT,64262.01000000,64521.00000000,63178.32000000,63210.01000000,8224.45447000
2024-06-24,BTCUSDT,63210.01000000,63369.80000000,58402.00000000,60293.30000000,52161.35414000
2024-06-25,BTCUSDT,60293.30000000,62420.00000000,60257.06000000,61806.01000000,31189.24361000
2024-06-26,BTCUSDT,61806.01000000,62487.81000000,60712.00000000,60864.99000000,22485.66463000
2024-06-27,BTCUSDT,60864.98000000,62389.22000000,60606.63000000,61706.47000000,18344.28631000
2024-06-28,BTCUSDT,61706.46000000,62225.31000000,60063.00000000,60427.84000000,24821.19255000
2024-06-29,BTCUSDT,60427.84000000,61224.00000000,60383.77000000,60986.68000000,11509.55904000
2024-06-30,BTCUSDT,60986.68000000,63058.76000000,60712.21000000,62772.01000000,17326.30136000
2024-01-01,ETHUSDT,2281.87000000,2352.37000000,2265.24000000,2352.04000000,216702.69140000
2024-01-02,ETHUSDT,2352.05000000,2431.30000000,2341.00000000,2355.34000000,458041.66420000
2024-01-03,ETHUSDT,2355.35000000,2385.45000000,2100.00000000,2209.72000000,798729.48690000
2024-01-04,ETHUSDT,2209.72000000,2294.69000000,2201.91000000,2267.11000000,448844.05500000
2024-01-05,ETHUSDT,2267.11000000,2277.21000000,2206.17000000,2268.78000000,405568.00060000
2024-01-06,ETHUSDT,2268.78000000,2270.00000000,2216.40000000,2240.78000000,194067.86560000
2024-01-07,ETHUSDT,2240.77000000,2258.01000000,2203.46000000,2221.42000000,207138.69270000
2024-01-08,ETHUSDT,2221.42000000,2358.20000000,2166.38000000,2330.44000000,539407.55470000
2024-01-09,ETHUSDT,2330.43000000,2371.72000000,2226.78000000,2344.29000000,551454.99310000
2024-01-10,ETHUSDT,2344.30000000,2643.10000000,2339.59000000,2584.38000000,1038388.66600000
2024-01-11,ETHUSDT,2584.37000000,2689.39000000,2566.01000000,2618.01000000,838712.25770000
2024-01-12,ETHUSDT,2618.01000000,2717.32000000,2458.00000000,2522.54000000,887457.76270000
2024-01-13,ETHUSDT,2522.55000000,2590.00000000,2497.50000000,2578.19000000,422061.23200000
2024-01-14,ETHUSDT,2578.18000000,2578.69000000,2470.00000000,2472.87000000,306207.74630000
2024-01-15,ETHUSDT,2472.87000000,2553.82000000,2470.92000000,2511.78000000,315247.88190000
2024-01-16,ETHUSDT,2511.79000000,2614.43000000,2500.05000000,2587.40000000,381077.62470000
2024-01-17,ETHUSDT,2587.41000000,2592.97000000,2506.75000000,2530.19000000,366281.34770000
2024-01-18,ETHUSDT,2530.20000000,2550.00000000,2428.56000000,2470.81000000,452090.10740000
2024-01-19,ETHUSDT,2470.81000000,2504.20000000,2415.20000000,2492.00000000,424209.00290000
2024-01-20,ETHUSDT,2491.99000000,2492.00000000,2454.20000000,2472.01000000,136620.95770000
2024-01-21,ETHUSDT,2472.02000000,2482.18000000,2452.13000000,2457.05000000,122572.16870000
2024-01-22,ETHUSDT,2457.06000000,2466.10000000,2303.59000000,2314.20000000,526337.64920000
2024-01-23,ETHUSDT,2314.19000000,2352.23000000,2168.07000000,2242.60000000,700105.33140000
2024-01-24,ETHUSDT,2242.60000000,2264.60000000,2196.12000000,2235.02000000,359851.14960000
2024-01-25,ETHUSDT,2235.02000000,2242.89000000,2171.30000000,2218.64000000,330426.60610000
2024-01-26,ETHUSDT,2218.64000000,2282.36000000,2195.84000000,2267.68000000,363566.42550000
2024-01-27,ETHUSDT,2267.67000000,2282.94000000,2251.40000000,2267.94000000,145109.38360000
2024-01-28,ETHUSDT,2267.94000000,2308.24000000,2239.89000000,2256.90000000,209326.90870000
2024-01-29,ETHUSDT,2256.90000000,2322.34000000,2233.80000000,2317.60000000,305528.07760000
2024-01-30,ETHUSDT,2317.61000000,2391.98000000,2297.00000000,2343.01000000,372879.57910000
2024-01-31,ETHUSDT,2343.00000000,2351.60000000,2263.57000000,2283.14000000,397116.18590000
2024-02-01,ETHUSDT,2283.15000000,2311.72000000,2240.00000000,2304.28000000,310997.45380000
2024-02-02,ETHUSDT,2304.28000000,2324.74000000,2281.94000000,2309.06000000,238230.51100000
2024-02-03,ETHUSDT,2309.07000000,2329.98000000,2292.75000000,2296.49000000,133232.84500000
2024-02-04,ETHUSDT,2296.50000000,2311.00000000,2266.00000000,2289.79000000,171232.04440000
2024-02-05,ETHUSDT,2289.79000000,2338.41000000,2269.11000000,2301.83000000,236610.41200000
2024-02-06,ETHUSDT,2301.84000000,2392.40000000,2299.00000000,2372.64000000,368942.74980000
2024-02-07,ETHUSDT,2372.63000000,2444.44000000,2354.00000000,2425.10000000,342791.70130000
2024-02-08,ETHUSDT,2425.09000000,2463.15000000,2411.01000000,2419.55000000,338040.05390000
2024-02-09,ETHUSDT,2419.56000000,2525.00000000,2419.16000000,2486.56000000,492384.38500000
2024-02-10,ETHUSDT,2486.56000000,2516.45000000,2471.57000000,2500.24000000,185099.59000000
2024-02-11,ETHUSDT,2500.24000000,2539.63000000,2493.45000000,2507.21000000,219975.14710000
2024-02-12,ETHUSDT,2507.22000000,2665.58000000,2472.00000000,2659.99000000,449501.77600000
2024-02-13,ETHUSDT,2659.99000000,2686.12000000,2590.00000000,2639.99000000,502447.74500000
2024-02-14,ETHUSDT,2639.99000000,2786.00000000,2618.40000000,2774.81000000,461670.69440000
2024-02-15,ETHUSDT,2774.80000000,2867.65000000,2759.25000000,2822.59000000,481689.18740000
2024-02-16,ETHUSDT,2822.58000000,2857.40000000,2740.00000000,2801.80000000,378070.80370000
2024-02-17,ETHUSDT,2801.81000000,2804.21000000,2719.01000000,2785.93000000,243302.87590000
2024-02-18,ETHUSDT,2785.92000000,2895.00000000,2764.25000000,2881.20000000,367987.88330000
2024-02-19,ETHUSDT,2881.20000000,2984.52000000,2856.93000000,2944.80000000,446451.04010000
2024-02-20,ETHUSDT,2944.80000000,3033.09000000,2874.56000000,3014.81000000,634681.74710000
2024-02-21,ETHUSDT,3014.81000000,3017.15000000,2868.00000000,2967.90000000,595955.00330000
2024-02-22,ETHUSDT,2967.91000000,3036.02000000,2906.51000000,2971.40000000,563525.99360000
2024-02-23,ETHUSDT,2971.40000000,2993.80000000,2906.05000000,2922.24000000,428826.57870000
2024-02-24,ETHUSDT,2922.25000000,3007.48000000,2906.40000000,2992.62000000,243854.07830000
2024-02-25,ETHUSDT,2992.62000000,3122.00000000,2983.61000000,3112.59000000,412306.22370000
2024-02-26,ETHUSDT,3112.60000000,3196.00000000,3036.59000000,3175.94000000,546722.77470000
2024-02-27,ETHUSDT,3175.95000000,3288.14000000,3160.02000000,3242.36000000,625939.12210000
2024-02-28,ETHUSDT,3242.35000000,3488.00000000,3176.16000000,3383.10000000,947538.76600000
2024-02-29,ETHUSDT,3383.11000000,3522.81000000,3300.00000000,3340.09000000,759698.11230000
2024-03-01,ETHUSDT,3340.10000000,3450.00000000,3338.54000000,3433.43000000,412788.57730000
2024-03-02,ETHUSDT,3433.42000000,3460.04000000,3390.01000000,3421.40000000,283984.94480000
2024-03-03,ETHUSDT,3421.39000000,3491.80000000,3360.00000000,3487.81000000,341631.53100000
2024-03-04,ETHUSDT,3487.80000000,3640.94000000,3423.78000000,3627.76000000,715360.63610000
2024-03-05,ETHUSDT,3627.75000000,3822.04000000,3200.00000000,3553.65000000,1392904.86400000
2024-03-06,ETHUSDT,3553.66000000,3900.00000000,3499.40000000,3818.59000000,969494.71000000
2024-03-07,ETHUSDT,3818.58000000,3933.81000000,3735.00000000,3868.76000000,540780.67500000
2024-03-08,ETHUSDT,3868.76000000,3993.75000000,3820.00000000,3883.36000000,646399.25890000
2024-03-09,ETHUSDT,3883.37000000,3942.00000000,3870.01000000,3905.21000000,254839.13860000
2024-03-10,ETHUSDT,3905.20000000,3964.67000000,3791.26000000,3878.47000000,356664.68000000
2024-03-11,ETHUSDT,3878.47000000,4086.23000000,3722.95000000,4064.80000000,721554.51390000
2024-03-12,ETHUSDT,4064.80000000,4093.92000000,3828.98000000,3979.96000000,632787.39410000
2024-03-13,ETHUSDT,3979.97000000,4083.00000000,3932.23000000,4004.79000000,482305.77660000
2024-03-14,ETHUSDT,4004.79000000,4010.98000000,3723.00000000,3881.70000000,648237.52450000
2024-03-15,ETHUSDT,3881.69000000,3934.02000000,3570.00000000,3742.19000000,947537.40710000
2024-03-16,ETHUSDT,3742.19000000,3781.12000000,3468.80000000,3523.09000000,548288.15690000
2024-03-17,ETHUSDT,3523.09000000,3678.68000000,3412.00000000,3644.71000000,517790.99360000
2024-03-18,ETHUSDT,3644.70000000,3645.02000000,3454.09000000,3520.46000000,570901.28510000
2024-03-19,ETHUSDT,3520.47000000,3548.09000000,3150.88000000,3158.64000000,1049629.69360000
2024-03-20,ETHUSDT,3158.65000000,3535.24000000,3056.56000000,3516.53000000,1207322.82010000
2024-03-21,ETHUSDT,3516.53000000,3587.32000000,3412.00000000,3492.85000000,602755.20720000
2024-03-22,ETHUSDT,3492.84000000,3542.52000000,3250.00000000,3336.35000000,558848.88800000
2024-03-23,ETHUSDT,3336.35000000,3435.48000000,3270.08000000,3329.53000000,323675.94480000
2024-03-24,ETHUSDT,3329.53000000,3471.22000000,3298.76000000,3454.98000000,260824.14080000
2024-03-25,ETHUSDT,3454.99000000,3666.00000000,3420.12000000,3590.42000000,548577.69420000
2024-03-26,ETHUSDT,3590.43000000,3678.86000000,3542.62000000,3587.33000000,499013.83840000
2024-03-27,ETHUSDT,3587.32000000,3665.84000000,3460.02000000,3501.19000000,443195.32970000
2024-03-28,ETHUSDT,3501.20000000,3611.78000000,3465.00000000,3560.49000000,404654.03110000
2024-03-29,ETHUSDT,3560.49000000,3584.37000000,3445.91000000,3509.74000000,323086.17900000
2024-03-30,ETHUSDT,3509.74000000,3565.81000000,3485.00000000,3505.64000000,216025.26340000
2024-03-31,ETHUSDT,3505.65000000,3655.32000000,3505.09000000,3645.29000000,243464.98770000
2024-04-01,ETHUSDT,3645.29000000,3645.95000000,3413.71000000,3503.80000000,408854.12250000
2024-04-02,ETHUSDT,3503.80000000,3505.60000000,3212.00000000,3278.96000000,623264.64760000
2024-04-03,ETHUSDT,3278.96000000,3367.40000000,3202.79000000,3310.83000000,410484.19330000
2024-04-04,ETHUSDT,3310.83000000,3443.93000000,3250.92000000,3327.40000000,356338.57160000
2024-04-05,ETHUSDT,3327.39000000,3350.00000000,3210.00000000,3317.85000000,344556.79830000
2024-04-06,ETHUSDT,3317.85000000,3398.42000000,3306.68000000,3351.59000000,183312.21250000
2024-04-07,ETHUSDT,3351.59000000,3459.94000000,3344.08000000,3454.20000000,210459.07520000
2024-04-08,ETHUSDT,3454.20000000,3730.71000000,3406.36000000,3694.61000000,496841.35320000
2024-04-09,ETHUSDT,3694.61000000,3727.34000000,3450.46000000,3506.39000000,457592.25200000
2024-04-10,ETHUSDT,3506.40000000,3562.95000000,3411.82000000,3545.64000000,389404.90550000
2024-04-11,ETHUSDT,3545.64000000,3618.30000000,3474.52000000,3502.52000000,338139.55340000
2024-04-12,ETHUSDT,3502.52000000,3552.40000000,3100.00000000,3237.43000000,697327.11740000
2024-04-13,ETHUSDT,3237.42000000,3301.90000000,2852.00000000,3007.01000000,994971.23540000
2024-04-14,ETHUSDT,3007.01000000,3174.23000000,2906.73000000,3155.11000000,737580.46660000
2024-04-15,ETHUSDT,3155.11000000,3277.85000000,3023.19000000,3101.99000000,605430.88630000
2024-04-16,ETHUSDT,3102.00000000,3128.01000000,2986.00000000,3084.22000000,526113.85500000
2024-04-17,ETHUSDT,3084.21000000,3123.75000000,2914.47000000,2985.41000000,491897.56610000
2024-04-18,ETHUSDT,2985.41000000,3094.40000000,2950.98000000,3064.40000000,389060.71330000
2024-04-19,ETHUSDT,3064.40000000,3128.89000000,2865.18000000,3056.46000000,607850.40190000
2024-04-20,ETHUSDT,3056.45000000,3171.88000000,3018.75000000,3155.79000000,242577.63710000
2024-04-21,ETHUSDT,3155.79000000,3197.18000000,3116.49000000,3147.67000000,219970.50720000
2024-04-22,ETHUSDT,3147.66000000,3235.00000000,3129.15000000,3200.20000000,290879.95690000
2024-04-23,ETHUSDT,3200.19000000,3263.61000000,3152.00000000,3219.46000000,253914.22630000
2024-04-24,ETHUSDT,3219.46000000,3293.56000000,3104.90000000,3140.80000000,393314.34140000
2024-04-25,ETHUSDT,3140.79000000,3191.64000000,3072.20000000,3155.80000000,352288.55020000
2024-04-26,ETHUSDT,3155.81000000,3167.70000000,3102.00000000,3131.30000000,252522.65500000
2024-04-27,ETHUSDT,3131.30000000,3285.00000000,3066.74000000,3255.56000000,323811.19190000
2024-04-28,ETHUSDT,3255.55000000,3357.40000000,3250.45000000,3263.45000000,304766.00900000
2024-04-29,ETHUSDT,3263.44000000,3286.95000000,3115.13000000,3216.73000000,421831.29120000
2024-04-30,ETHUSDT,3216.74000000,3250.95000000,2921.00000000,3014.05000000,561717.48660000
2024-05-01,ETHUSDT,3014.04000000,3023.24000000,2817.00000000,2972.46000000,624963.77730000
2024-05-02,ETHUSDT,2972.46000000,3016.72000000,2893.26000000,2986.19000000,365939.71910000
2024-05-03,ETHUSDT,2986.19000000,3126.99000000,2958.32000000,3102.61000000,355825.83910000
2024-05-04,ETHUSDT,3102.61000000,3168.00000000,3092.85000000,3117.23000000,196263.94880000
2024-05-05,ETHUSDT,3117.24000000,3171.93000000,3072.99000000,3136.41000000,218760.26620000
2024-05-06,ETHUSDT,3136.40000000,3221.40000000,3046.35000000,3062.60000000,355135.30270000
2024-05-07,ETHUSDT,3062.59000000,3129.85000000,2998.00000000,3005.69000000,298796.68290000
2024-05-08,ETHUSDT,3005.69000000,3038.15000000,2936.48000000,2974.21000000,266934.81250000
2024-05-09,ETHUSDT,2974.20000000,3059.00000000,2950.77000000,3036.23000000,238561.74620000
2024-05-10,ETHUSDT,3036.24000000,3053.89000000,2878.03000000,2909.99000000,327855.87580000
2024-05-11,ETHUSDT,2909.98000000,2945.67000000,2886.46000000,2912.45000000,138163.10870000
2024-05-12,ETHUSDT,2912.45000000,2955.20000000,2901.17000000,2929.29000000,107670.63230000
2024-05-13,ETHUSDT,2929.30000000,2996.40000000,2864.76000000,2950.99000000,368664.76480000
2024-05-14,ETHUSDT,2950.99000000,2960.60000000,2862.00000000,2881.93000000,269675.30370000
2024-05-15,ETHUSDT,2881.93000000,3041.36000000,2863.75000000,3032.55000000,350254.31880000
2024-05-16,ETHUSDT,3032.55000000,3041.24000000,2922.80000000,2944.70000000,293874.15130000
2024-05-17,ETHUSDT,2944.70000000,3120.00000000,2933.06000000,3092.01000000,357724.77310000
2024-05-18,ETHUSDT,3092.00000000,3146.98000000,3083.61000000,3122.94000000,199976.54560000
2024-05-19,ETHUSDT,3122.94000000,3136.64000000,3053.38000000,3071.19000000,166145.01020000
2024-05-20,ETHUSDT,3071.20000000,3694.00000000,3047.67000000,3661.78000000,847107.88280000
2024-05-21,ETHUSDT,3661.79000000,3841.54000000,3624.28000000,3789.60000000,952437.26940000
2024-05-22,ETHUSDT,3789.59000000,3813.69000000,3653.15000000,3737.73000000,574938.30990000
2024-05-23,ETHUSDT,3737.72000000,3949.29000000,3498.00000000,3783.61000000,1127866.07600000
2024-05-24,ETHUSDT,3783.60000000,3829.61000000,3626.10000000,3728.28000000,479418.43180000
2024-05-25,ETHUSDT,3728.28000000,3779.43000000,3709.03000000,3749.26000000,158711.89920000
2024-05-26,ETHUSDT,3749.25000000,3884.20000000,3731.17000000,3826.47000000,292208.29370000
2024-05-27,ETHUSDT,3826.47000000,3977.00000000,3823.37000000,3894.22000000,363717.64730000
2024-05-28,ETHUSDT,3894.21000000,3931.09000000,3773.90000000,3844.69000000,416249.83440000
2024-05-29,ETHUSDT,3844.69000000,3888.55000000,3742.59000000,3767.43000000,334759.63480000
2024-05-30,ETHUSDT,3767.44000000,3825.35000000,3702.58000000,3747.91000000,277034.28940000
2024-05-31,ETHUSDT,3747.90000000,3849.94000000,3723.75000000,3762.29000000,273406.76600000
2024-06-01,ETHUSDT,3762.29000000,3833.30000000,3752.67000000,3815.82000000,132687.20060000
2024-06-02,ETHUSDT,3815.82000000,3838.59000000,3752.62000000,3780.91000000,210295.44070000
2024-06-03,ETHUSDT,3780.92000000,3849.99000000,3758.43000000,3767.06000000,248848.70200000
2024-06-04,ETHUSDT,3767.07000000,3831.65000000,3730.00000000,3810.23000000,232063.74680000
2024-06-05,ETHUSDT,3810.23000000,3887.47000000,3777.33000000,3865.99000000,273738.60350000
2024-06-06,ETHUSDT,3866.00000000,3878.60000000,3760.00000000,3813.46000000,237504.19050000
2024-06-07,ETHUSDT,3813.47000000,3841.39000000,3600.00000000,3678.32000000,362223.35940000
2024-06-08,ETHUSDT,3678.31000000,3709.50000000,3660.08000000,3681.57000000,140550.83940000
2024-06-09,ETHUSDT,3681.58000000,3721.52000000,3666.36000000,3706.40000000,103451.10200000
2024-06-10,ETHUSDT,3706.40000000,3713.67000000,3642.74000000,3667.85000000,156363.18460000
2024-06-11,ETHUSDT,3667.85000000,3673.00000000,3432.00000000,3497.33000000,439568.59780000
2024-06-12,ETHUSDT,3497.33000000,3659.01000000,3462.07000000,3560.12000000,387043.77400000
2024-06-13,ETHUSDT,3560.13000000,3561.65000000,3428.00000000,3469.40000000,300230.82990000
2024-06-14,ETHUSDT,3469.40000000,3532.61000000,3362.26000000,3481.80000000,322316.42140000
2024-06-15,ETHUSDT,3481.80000000,3594.39000000,3473.10000000,3568.74000000,246649.58940000
2024-06-16,ETHUSDT,3568.75000000,3653.79000000,3541.05000000,3624.41000000,149839.98200000
2024-06-17,ETHUSDT,3624.41000000,3638.37000000,3463.39000000,3511.46000000,337805.64020000
2024-06-18,ETHUSDT,3511.47000000,3517.20000000,3355.00000000,3483.42000000,449913.30140000
2024-06-19,ETHUSDT,3483.42000000,3590.01000000,3465.65000000,3560.51000000,321500.00270000
2024-06-20,ETHUSDT,3560.51000000,3625.96000000,3486.00000000,3513.08000000,329117.84530000
2024-06-21,ETHUSDT,3513.08000000,3547.55000000,3446.82000000,3518.50000000,342155.10200000
2024-06-22,ETHUSDT,3518.50000000,3521.19000000,3475.09000000,3495.75000000,115774.61570000
2024-06-23,ETHUSDT,3495.76000000,3521.45000000,3406.38000000,3420.91000000,133411.43040000
2024-06-24,ETHUSDT,3420.91000000,3435.76000000,3240.00000000,3352.73000000,543370.42290000
2024-06-25,ETHUSDT,3352.74000000,3430.88000000,3336.76000000,3394.91000000,240036.22360000
2024-06-26,ETHUSDT,3394.91000000,3426.75000000,3325.01000000,3371.44000000,206949.34180000
2024-06-27,ETHUSDT,3371.77000000,3477.00000000,3361.74000000,3450.44000000,201041.66090000
2024-06-28,ETHUSDT,3450.44000000,3487.70000000,3365.22000000,3380.15000000,221634.34350000
2024-06-29,ETHUSDT,3380.15000000,3408.32000000,3371.86000000,3378.80000000,88329.76510000
2024-06-30,ETHUSDT,3378.80000000,3460.00000000,3352.66000000,3438.16000000,141221.61850000
2024-01-01,BNBUSDT,311.90000000,316.00000000,307.00000000,313.50000000,619455.15800000
2024-01-02,BNBUSDT,313.50000000,321.30000000,305.80000000,312.20000000,937764.73700000
2024-01-03,BNBUSDT,312.30000000,334.30000000,293.60000000,315.80000000,2132158.12200000
2024-01-04,BNBUSDT,315.90000000,324.30000000,310.90000000,323.70000000,1133774.95700000
2024-01-05,BNBUSDT,323.60000000,327.30000000,308.60000000,317.50000000,1157056.27600000
2024-01-06,BNBUSDT,317.60000000,317.60000000,300.20000000,307.50000000,909358.18300000
2024-01-07,BNBUSDT,307.60000000,310.00000000,300.00000000,302.40000000,498367.08900000
2024-01-08,BNBUSDT,302.50000000,308.10000000,290.00000000,303.70000000,984590.84200000
2024-01-09,BNBUSDT,303.60000000,306.80000000,295.70000000,301.10000000,1401490.15500000
2024-01-10,BNBUSDT,301.10000000,310.00000000,288.80000000,305.80000000,1032565.47700000
2024-01-11,BNBUSDT,305.70000000,316.80000000,301.40000000,308.20000000,1179601.54300000
2024-01-12,BNBUSDT,308.20000000,313.00000000,289.10000000,296.60000000,1003340.77400000
2024-01-13,BNBUSDT,296.70000000,303.10000000,290.80000000,302.20000000,436784.23900000
2024-01-14,BNBUSDT,302.20000000,306.70000000,298.70000000,299.50000000,393054.94700000
2024-01-15,BNBUSDT,299.40000000,320.60000000,299.40000000,317.50000000,1704540.89000000
2024-01-16,BNBUSDT,317.60000000,319.40000000,313.00000000,315.20000000,951149.44500000
2024-01-17,BNBUSDT,315.10000000,316.30000000,306.80000000,309.40000000,1071343.49600000
2024-01-18,BNBUSDT,309.30000000,315.60000000,305.70000000,313.00000000,921121.88900000
2024-01-19,BNBUSDT,313.00000000,316.20000000,305.00000000,314.70000000,835724.40000000
2024-01-20,BNBUSDT,314.70000000,317.30000000,312.20000000,317.20000000,326090.18700000
2024-01-21,BNBUSDT,317.30000000,321.70000000,316.10000000,318.60000000,359764.31300000
2024-01-22,BNBUSDT,318.70000000,320.30000000,303.60000000,305.90000000,704437.64700000
2024-01-23,BNBUSDT,305.90000000,311.70000000,290.30000000,298.80000000,928195.37800000
2024-01-24,BNBUSDT,298.80000000,300.70000000,290.30000000,293.10000000,802312.81500000
2024-01-25,BNBUSDT,293.00000000,296.70000000,287.50000000,292.10000000,1004156.71900000
2024-01-26,BNBUSDT,292.10000000,304.20000000,290.70000000,302.20000000,709942.40400000
2024-01-27,BNBUSDT,302.20000000,307.70000000,301.90000000,305.60000000,285357.66700000
2024-01-28,BNBUSDT,305.70000000,309.10000000,303.10000000,305.30000000,409403.05700000
2024-01-29,BNBUSDT,305.30000000,311.00000000,304.40000000,310.70000000,442799.50500000
2024-01-30,BNBUSDT,310.70000000,313.10000000,306.30000000,307.60000000,386375.46700000
2024-01-31,BNBUSDT,307.70000000,308.20000000,298.60000000,300.50000000,459007.69800000
2024-02-01,BNBUSDT,300.50000000,302.20000000,296.40000000,300.20000000,373269.78900000
2024-02-02,BNBUSDT,300.20000000,305.20000000,299.80000000,301.40000000,309501.64900000
2024-02-03,BNBUSDT,301.40000000,303.80000000,299.50000000,299.70000000,198730.96200000
2024-02-04,BNBUSDT,299.60000000,307.70000000,298.00000000,304.70000000,503405.32300000
2024-02-05,BNBUSDT,304.70000000,306.80000000,299.50000000,301.20000000,488672.27100000
2024-02-06,BNBUSDT,301.20000000,304.10000000,300.90000000,302.70000000,260762.32100000
2024-02-07,BNBUSDT,302.80000000,308.70000000,300.70000000,307.30000000,352421.78900000
2024-02-08,BNBUSDT,307.40000000,320.60000000,307.30000000,319.20000000,921496.50200000
2024-02-09,BNBUSDT,319.20000000,326.30000000,317.90000000,324.00000000,739178.08100000
2024-02-10,BNBUSDT,324.00000000,325.40000000,318.90000000,323.00000000,321477.06400000
2024-02-11,BNBUSDT,323.00000000,324.90000000,320.10000000,320.70000000,280308.10500000
2024-02-12,BNBUSDT,320.60000000,332.20000000,315.60000000,327.80000000,576734.16200000
2024-02-13,BNBUSDT,327.90000000,329.20000000,318.60000000,324.70000000,441545.83000000
2024-02-14,BNBUSDT,324.60000000,334.60000000,323.40000000,333.90000000,452466.98000000
2024-02-15,BNBUSDT,333.90000000,366.60000000,333.30000000,354.20000000,1361590.40300000
2024-02-16,BNBUSDT,354.30000000,366.80000000,349.10000000,360.40000000,1061855.98600000
2024-02-17,BNBUSDT,360.40000000,363.70000000,348.20000000,352.90000000,630266.52000000
2024-02-18,BNBUSDT,352.90000000,358.10000000,349.10000000,349.80000000,495667.63400000
2024-02-19,BNBUSDT,349.80000000,356.20000000,349.30000000,351.60000000,830917.53400000
2024-02-20,BNBUSDT,351.70000000,361.60000000,344.80000000,354.60000000,972650.55800000
2024-02-21,BNBUSDT,354.60000000,379.30000000,350.90000000,379.20000000,1701415.31300000
2024-02-22,BNBUSDT,379.20000000,387.30000000,373.70000000,382.60000000,1409647.48100000
2024-02-23,BNBUSDT,382.70000000,385.80000000,369.00000000,375.50000000,1027891.29500000
2024-02-24,BNBUSDT,375.50000000,383.30000000,371.70000000,381.70000000,444587.48100000
2024-02-25,BNBUSDT,381.60000000,391.00000000,377.60000000,388.50000000,643002.67100000
2024-02-26,BNBUSDT,388.50000000,404.90000000,382.00000000,401.60000000,1196262.20400000
2024-02-27,BNBUSDT,401.50000000,403.70000000,389.60000000,394.60000000,915873.07300000
2024-02-28,BNBUSDT,394.60000000,427.30000000,394.10000000,414.60000000,1348008.99500000
2024-02-29,BNBUSDT,414.70000000,419.70000000,391.10000000,399.40000000,1146024.36200000
2024-03-01,BNBUSDT,399.30000000,408.60000000,398.80000000,407.40000000,586580.61100000
2024-03-02,BNBUSDT,407.40000000,414.80000000,405.80000000,410.90000000,590018.54300000
2024-03-03,BNBUSDT,410.90000000,416.80000000,402.20000000,414.50000000,838274.34600000
2024-03-04,BNBUSDT,414.50000000,423.80000000,410.60000000,418.40000000,1045414.00100000
2024-03-05,BNBUSDT,418.50000000,427.20000000,356.10000000,394.10000000,2073303.79000000
2024-03-06,BNBUSDT,394.10000000,434.70000000,385.60000000,429.40000000,1804741.11200000
2024-03-07,BNBUSDT,429.40000000,476.80000000,423.20000000,474.60000000,1672134.41000000
2024-03-08,BNBUSDT,474.60000000,489.60000000,462.50000000,485.80000000,1660311.36100000
2024-03-09,BNBUSDT,485.80000000,493.80000000,480.70000000,488.30000000,852029.24100000
2024-03-10,BNBUSDT,488.30000000,537.50000000,484.80000000,528.90000000,1944137.08400000
2024-03-11,BNBUSDT,528.90000000,533.80000000,505.50000000,523.00000000,1608146.39700000
2024-03-12,BNBUSDT,523.00000000,548.50000000,519.00000000,537.50000000,1924767.68700000
2024-03-13,BNBUSDT,537.40000000,633.50000000,531.70000000,630.50000000,2526002.56400000
2024-03-14,BNBUSDT,630.50000000,631.50000000,565.50000000,603.20000000,2119540.30000000
2024-03-15,BNBUSDT,603.20000000,635.20000000,540.90000000,632.70000000,3066312.78800000
2024-03-16,BNBUSDT,632.70000000,645.20000000,567.20000000,576.40000000,1811838.04200000
2024-03-17,BNBUSDT,576.40000000,590.50000000,548.60000000,571.70000000,1712920.34100000
2024-03-18,BNBUSDT,571.70000000,587.70000000,540.10000000,555.40000000,2284301.81400000
2024-03-19,BNBUSDT,555.40000000,560.60000000,495.80000000,507.70000000,2551361.51200000
2024-03-20,BNBUSDT,507.70000000,559.00000000,500.00000000,556.80000000,1425296.57900000
2024-03-21,BNBUSDT,556.70000000,571.00000000,540.60000000,553.80000000,953921.37200000
2024-03-22,BNBUSDT,553.80000000,588.10000000,535.50000000,553.80000000,1181298.51000000
2024-03-23,BNBUSDT,553.80000000,567.70000000,543.40000000,551.90000000,608753.32900000
2024-03-24,BNBUSDT,551.90000000,573.00000000,548.70000000,567.70000000,442930.35000000
2024-03-25,BNBUSDT,567.80000000,598.00000000,564.40000000,587.00000000,802695.51200000
2024-03-26,BNBUSDT,587.10000000,597.00000000,571.90000000,580.40000000,569324.07900000
2024-03-27,BNBUSDT,580.40000000,585.60000000,560.30000000,574.30000000,531668.40200000
2024-03-28,BNBUSDT,574.20000000,591.70000000,574.10000000,583.40000000,503901.62400000
2024-03-29,BNBUSDT,583.40000000,620.00000000,582.10000000,612.50000000,1042401.16900000
2024-03-30,BNBUSDT,612.50000000,612.90000000,596.90000000,600.70000000,501020.14800000
2024-03-31,BNBUSDT,600.70000000,608.80000000,600.40000000,606.70000000,325136.96700000
2024-04-01,BNBUSDT,606.70000000,607.70000000,568.70000000,575.80000000,723114.09000000
2024-04-02,BNBUSDT,575.80000000,578.20000000,546.30000000,551.40000000,998260.81400000
2024-04-03,BNBUSDT,551.40000000,567.90000000,539.00000000,561.50000000,683925.23300000
2024-04-04,BNBUSDT,561.60000000,597.60000000,560.80000000,585.50000000,879640.68000000
2024-04-05,BNBUSDT,585.40000000,591.50000000,564.40000000,577.80000000,634206.61900000
2024-04-06,BNBUSDT,577.80000000,591.30000000,575.10000000,585.40000000,226975.99600000
2024-04-07,BNBUSDT,585.50000000,591.10000000,578.00000000,583.90000000,263849.21600000
2024-04-08,BNBUSDT,583.80000000,601.10000000,577.70000000,586.40000000,483568.31200000
2024-04-09,BNBUSDT,586.30000000,590.30000000,571.20000000,580.50000000,596275.79200000
2024-04-10,BNBUSDT,580.40000000,610.60000000,573.40000000,609.70000000,816050.70000000
2024-04-11,BNBUSDT,609.70000000,618.40000000,592.00000000,604.60000000,579678.19400000
2024-04-12,BNBUSDT,604.60000000,634.50000000,571.00000000,595.60000000,1517722.65800000
2024-04-13,BNBUSDT,595.60000000,600.20000000,508.00000000,553.10000000,1761628.47300000
2024-04-14,BNBUSDT,553.00000000,576.00000000,536.10000000,566.40000000,965488.00300000
2024-04-15,BNBUSDT,566.40000000,585.50000000,544.70000000,552.70000000,698443.30300000
2024-04-16,BNBUSDT,552.70000000,554.20000000,522.80000000,537.60000000,623668.81300000
2024-04-17,BNBUSDT,537.50000000,547.90000000,512.60000000,534.10000000,657909.35800000
2024-04-18,BNBUSDT,534.00000000,555.90000000,527.00000000,552.10000000,589697.29600000
2024-04-19,BNBUSDT,552.00000000,564.30000000,524.00000000,554.00000000,545504.18300000
2024-04-20,BNBUSDT,554.10000000,574.30000000,548.80000000,570.90000000,242132.85900000
2024-04-21,BNBUSDT,570.90000000,582.60000000,566.30000000,579.60000000,277755.72400000
2024-04-22,BNBUSDT,579.60000000,608.70000000,578.40000000,604.50000000,522892.15700000
2024-04-23,BNBUSDT,604.40000000,618.30000000,598.70000000,606.20000000,556883.34400000
2024-04-24,BNBUSDT,606.20000000,618.50000000,592.60000000,608.80000000,656953.67700000
2024-04-25,BNBUSDT,608.80000000,617.90000000,600.70000000,613.20000000,453745.51700000
2024-04-26,BNBUSDT,613.30000000,615.00000000,597.00000000,598.00000000,302119.88400000
2024-04-27,BNBUSDT,598.00000000,599.70000000,585.00000000,596.20000000,268783.91200000
2024-04-28,BNBUSDT,596.20000000,609.00000000,596.20000000,600.20000000,258059.43100000
2024-04-29,BNBUSDT,600.20000000,602.80000000,581.30000000,592.80000000,330474.00500000
2024-04-30,BNBUSDT,592.80000000,604.30000000,555.70000000,578.40000000,766513.44600000
2024-05-01,BNBUSDT,578.40000000,580.40000000,536.70000000,561.80000000,669027.31800000
2024-05-02,BNBUSDT,561.80000000,565.90000000,539.50000000,560.50000000,359794.31500000
2024-05-03,BNBUSDT,560.50000000,590.00000000,558.90000000,587.00000000,342906.43300000
2024-05-04,BNBUSDT,587.00000000,593.60000000,582.50000000,585.70000000,197129.25100000
2024-05-05,BNBUSDT,585.70000000,595.00000000,579.30000000,592.00000000,180458.23600000
2024-05-06,BNBUSDT,592.00000000,602.30000000,583.10000000,588.20000000,278669.00500000
2024-05-07,BNBUSDT,588.20000000,600.40000000,576.00000000,576.50000000,289488.70900000
2024-05-08,BNBUSDT,576.50000000,590.00000000,574.40000000,588.60000000,297016.61700000
2024-05-09,BNBUSDT,588.60000000,605.80000000,586.30000000,596.80000000,464857.60100000
2024-05-10,BNBUSDT,596.80000000,597.00000000,581.50000000,585.60000000,296215.51600000
2024-05-11,BNBUSDT,585.70000000,594.50000000,580.80000000,592.20000000,210698.30500000
2024-05-12,BNBUSDT,592.20000000,600.10000000,587.30000000,594.80000000,191190.56200000
2024-05-13,BNBUSDT,594.80000000,598.40000000,585.20000000,591.70000000,389810.28600000
2024-05-14,BNBUSDT,591.70000000,593.10000000,562.00000000,567.10000000,453308.31600000
2024-05-15,BNBUSDT,567.10000000,587.30000000,560.00000000,581.00000000,402812.99300000
2024-05-16,BNBUSDT,581.00000000,586.60000000,565.10000000,569.20000000,411937.05600000
2024-05-17,BNBUSDT,569.20000000,584.50000000,568.60000000,580.90000000,236919.61600000
2024-05-18,BNBUSDT,580.90000000,581.90000000,574.20000000,580.30000000,168074.71100000
2024-05-19,BNBUSDT,580.30000000,581.90000000,571.30000000,574.50000000,142157.48500000
2024-05-20,BNBUSDT,574.60000000,602.00000000,568.80000000,599.60000000,469252.80600000
2024-05-21,BNBUSDT,599.60000000,631.40000000,593.30000000,618.50000000,1023559.61300000
2024-05-22,BNBUSDT,618.50000000,626.30000000,610.10000000,614.80000000,404848.48700000
2024-05-23,BNBUSDT,614.80000000,617.50000000,580.00000000,599.30000000,607671.94700000
2024-05-24,BNBUSDT,599.40000000,605.50000000,588.30000000,600.30000000,251965.17600000
2024-05-25,BNBUSDT,600.30000000,606.70000000,599.50000000,602.40000000,121538.95800000
2024-05-26,BNBUSDT,602.30000000,605.40000000,598.00000000,600.20000000,122983.66000000
2024-05-27,BNBUSDT,600.30000000,614.40000000,599.60000000,603.90000000,229302.37700000
2024-05-28,BNBUSDT,603.90000000,606.00000000,593.80000000,601.70000000,284862.98500000
2024-05-29,BNBUSDT,601.70000000,603.60000000,593.10000000,595.70000000,212706.25400000
2024-05-30,BNBUSDT,595.70000000,602.20000000,586.50000000,595.10000000,225452.34400000
2024-05-31,BNBUSDT,595.10000000,599.00000000,590.00000000,593.70000000,168608.05400000
2024-06-01,BNBUSDT,593.80000000,608.40000000,593.10000000,601.90000000,156464.89400000
2024-06-02,BNBUSDT,601.90000000,606.00000000,596.00000000,602.90000000,198299.99600000
2024-06-03,BNBUSDT,602.80000000,638.80000000,601.20000000,626.40000000,654161.46700000
2024-06-04,BNBUSDT,626.40000000,688.20000000,624.80000000,685.70000000,736322.68030000
2024-06-05,BNBUSDT,685.70000000,716.00000000,684.70000000,698.80000000,673820.56520000
2024-06-06,BNBUSDT,698.80000000,721.80000000,692.00000000,711.20000000,544042.95920000
2024-06-07,BNBUSDT,711.10000000,712.00000000,658.90000000,684.00000000,594753.99000000
2024-06-08,BNBUSDT,684.00000000,694.90000000,677.90000000,682.70000000,216849.47300000
2024-06-09,BNBUSDT,682.70000000,684.80000000,670.30000000,673.00000000,173565.78000000
2024-06-10,BNBUSDT,673.10000000,674.80000000,613.30000000,625.10000000,692122.61600000
2024-06-11,BNBUSDT,625.10000000,629.00000000,595.80000000,602.50000000,640655.92000000
2024-06-12,BNBUSDT,602.50000000,635.40000000,591.30000000,619.40000000,454148.66100000
2024-06-13,BNBUSDT,619.40000000,619.90000000,595.60000000,599.80000000,313465.47200000
2024-06-14,BNBUSDT,599.80000000,612.50000000,590.00000000,603.30000000,279802.08500000
2024-06-15,BNBUSDT,603.30000000,609.70000000,601.30000000,608.20000000,122650.19700000
2024-06-16,BNBUSDT,608.20000000,611.80000000,601.10000000,610.80000000,104827.15400000
2024-06-17,BNBUSDT,610.90000000,612.60000000,591.40000000,604.30000000,235509.02800000
2024-06-18,BNBUSDT,604.30000000,605.20000000,575.00000000,588.60000000,459142.57300000
2024-06-19,BNBUSDT,588.60000000,605.90000000,586.60000000,599.30000000,260529.06200000
2024-06-20,BNBUSDT,599.30000000,608.00000000,584.60000000,587.70000000,289498.77200000
2024-06-21,BNBUSDT,587.70000000,589.30000000,577.80000000,586.10000000,191182.61400000
2024-06-22,BNBUSDT,586.20000000,591.40000000,581.00000000,591.10000000,100439.58400000
2024-06-23,BNBUSDT,591.10000000,593.20000000,576.00000000,577.50000000,141025.83400000
2024-06-24,BNBUSDT,577.50000000,582.00000000,551.20000000,568.10000000,356915.24800000
2024-06-25,BNBUSDT,568.10000000,580.00000000,566.40000000,578.20000000,177300.69900000
2024-06-26,BNBUSDT,578.30000000,584.70000000,567.40000000,573.00000000,154770.34400000
2024-06-27,BNBUSDT,573.10000000,584.70000000,566.40000000,581.70000000,199582.23100000
2024-06-28,BNBUSDT,581.80000000,585.30000000,565.60000000,567.40000000,210308.56500000
2024-06-29,BNBUSDT,567.40000000,573.90000000,566.90000000,570.00000000,99951.16900000
2024-06-30,BNBUSDT,570.00000000,585.30000000,568.30000000,582.20000000,169894.14800000
